Name,id,name_zh,name_en,factions,slot_primary,slot_secondary,slot_grenade,slot_supply,unlock_level,passives,active,passive_1_id,passive_1_name_zh,passive_1_effect,passive_2_id,passive_2_name_zh,passive_2_effect,passive_3_id,passive_3_name_zh,passive_3_effect,active_name_zh,active_cooldown_s,active_effect
rifleman,步兵（步枪手）,Rifleman,soviet|us,1,1,2,4,1,"[{""id"":""steady_aim"",""name_zh"":""稳定据枪"",""effect"":""静止 1.5 秒后，栓动/半自动步枪散布 -25%。""},{""id"":""bayonet_charge"",""name_zh"":""刺刀突击"",""effect"":""冲刺后首次近战伤害 +80%，并造成目标恐惧 1 秒。""},{""id"":""ration_discipline"",""name_zh"":""配给纪律"",""effect"":""食物与水的消耗速度 -15%。""}]","{""name_zh"":""坚守阵地"",""cooldown_s"":90,""effect"":""8 秒内受到伤害 -25%，且换弹速度 +20%。""}",steady_aim,稳定据枪,静止 1.5 秒后，栓动/半自动步枪散布 -25%。,bayonet_charge,刺刀突击,冲刺后首次近战伤害 +80%，并造成目标恐惧 1 秒。,ration_discipline,配给纪律,食物与水的消耗速度 -15%。,坚守阵地,90,8 秒内受到伤害 -25%，且换弹速度 +20%。
assault,突击兵（冲锋枪手）,Assault / SMG,soviet|us,1,1,4,3,2,"[{""id"":""close_quarters"",""name_zh"":""近战精通"",""effect"":""30m 内射击伤害 +15%，移动射击散布 -30%。""},{""id"":""fast_reload"",""name_zh"":""快速换弹"",""effect"":""冲锋枪换弹时间 -30%。""},{""id"":""grenade_throw"",""name_zh"":""老练投弹"",""effect"":""手榴弹投掷距离 +35%，引信计时可视化更精确。""}]","{""name_zh"":""突击冲刺"",""cooldown_s"":60,""effect"":""5 秒内移动速度 +35%、免疫压制，期间射击精度不变。""}",close_quarters,近战精通,30m 内射击伤害 +15%，移动射击散布 -30%。,fast_reload,快速换弹,冲锋枪换弹时间 -30%。,grenade_throw,老练投弹,手榴弹投掷距离 +35%，引信计时可视化更精确。,突击冲刺,60,5 秒内移动速度 +35%、免疫压制，期间射击精度不变。
machine_gunner,机枪手,Machine Gunner,soviet|us,1,1,1,3,3,"[{""id"":""bipod_discipline"",""name_zh"":""架设纪律"",""effect"":""架设状态散布 -50%，但架设需 1.2 秒且不可移动。""},{""id"":""suppressive_fire"",""name_zh"":""压制火力"",""effect"":""对同一区域持续射击 2 秒后，区域内敌人移速 -30%、精度 -40%。""},{""id"":""ammo_bearer"",""name_zh"":""弹药携带"",""effect"":""机枪弹药基数 +50%，但移动速度额外 -5%。""}]","{""name_zh"":""火力覆盖"",""cooldown_s"":120,""effect"":""6 秒内无需换弹、无过热，射速 +15%。""}",bipod_discipline,架设纪律,架设状态散布 -50%，但架设需 1.2 秒且不可移动。,suppressive_fire,压制火力,对同一区域持续射击 2 秒后，区域内敌人移速 -30%、精度 -40%。,ammo_bearer,弹药携带,机枪弹药基数 +50%，但移动速度额外 -5%。,火力覆盖,120,6 秒内无需换弹、无过热，射速 +15%。
sniper,狙击手,Sniper,soviet|us,1,1,2,3,4,"[{""id"":""hold_breath"",""name_zh"":""屏息"",""effect"":""开镜时可屏息 6 秒，期间镜头抖动归零，之后需 3 秒恢复。""},{""id"":""target_marking"",""name_zh"":""战场标记"",""effect"":""命中敌人后标记该目标及其 15m 内同伴 8 秒（全队可见）。""},{""id"":""concealment"",""name_zh"":""伪装潜行"",""effect"":""蹲伏不动时被敌人发现距离 -50%；开火后 1.5 秒暴露。""}]","{""name_zh"":""校射呼叫"",""cooldown_s"":150,""effect"":""对标记目标呼叫一次精确炮击，散布半径缩小 60%。""}",hold_breath,屏息,开镜时可屏息 6 秒，期间镜头抖动归零，之后需 3 秒恢复。,target_marking,战场标记,命中敌人后标记该目标及其 15m 内同伴 8 秒（全队可见）。,concealment,伪装潜行,蹲伏不动时被敌人发现距离 -50%；开火后 1.5 秒暴露。,校射呼叫,150,对标记目标呼叫一次精确炮击，散布半径缩小 60%。
anti_tank,反坦克兵,Anti-Tank,soviet|us,1,1,2,3,6,"[{""id"":""weak_point"",""name_zh"":""弱点识别"",""effect"":""瞄准载具 1.2 秒后显示可击穿区域（侧面/观察窗/履带）。""},{""id"":""immobilize"",""name_zh"":""打断履带"",""effect"":""命中履带使载具失去机动 6 秒，期间侧后方命中伤害 +40%。""},{""id"":""heavy_carry"",""name_zh"":""重装携行"",""effect"":""反坦克武器重量视为 -20%，但其他装备容量 -10%。""}]","{""name_zh"":""集束手雷"",""cooldown_s"":75,""effect"":""制作一枚集束手雷：对载具穿深 +35mm，对步兵溅射半径 5m。""}",weak_point,弱点识别,瞄准载具 1.2 秒后显示可击穿区域（侧面/观察窗/履带）。,immobilize,打断履带,命中履带使载具失去机动 6 秒，期间侧后方命中伤害 +40%。,heavy_carry,重装携行,反坦克武器重量视为 -20%，但其他装备容量 -10%。,集束手雷,75,制作一枚集束手雷：对载具穿深 +35mm，对步兵溅射半径 5m。
engineer,工兵（爆破）,Combat Engineer,soviet|us,1,1,3,4,7,"[{""id"":""demolition_expert"",""name_zh"":""爆破专精"",""effect"":""炸药放置时间 -50%，装药威力 +30%，可拆除地雷与铁丝网。""},{""id"":""fortify"",""name_zh"":""野战筑城"",""effect"":""可在 8 秒内构筑沙袋掩体（提供 +60% 掩蔽），每关限 3 处。""},{""id"":""wire_cut"",""name_zh"":""破障"",""effect"":""清除铁丝网/地雷速度 +200%，并标记雷区给全队。""}]","{""name_zh"":""定向爆破"",""cooldown_s"":100,""effect"":""对碉堡门、桥梁、铁门造成必破效果，并击晕 6m 内敌人 3 秒。""}",demolition_expert,爆破专精,炸药放置时间 -50%，装药威力 +30%，可拆除地雷与铁丝网。,fortify,野战筑城,可在 8 秒内构筑沙袋掩体（提供 +60% 掩蔽），每关限 3 处。,wire_cut,破障,清除铁丝网/地雷速度 +200%，并标记雷区给全队。,定向爆破,100,对碉堡门、桥梁、铁门造成必破效果，并击晕 6m 内敌人 3 秒。
medic,医护兵,Combat Medic,soviet|us,1,1,2,6,5,"[{""id"":""triage"",""name_zh"":""战地分诊"",""effect"":""治疗速度 +60%，可为倒地队友止血并拖拽（拖拽时速度 -40%）。""},{""id"":""stimulant"",""name_zh"":""兴奋剂"",""effect"":""被治疗者在 10 秒内体力不减、移速 +15%。""},{""id"":""water_purify"",""name_zh"":""净水"",""effect"":""饮水补充量 +25%，可净化污染水源。""}]","{""name_zh"":""战场救护"",""cooldown_s"":110,""effect"":""以自身为中心 10m 内全队恢复 35% 生命并解除流血。""}",triage,战地分诊,治疗速度 +60%，可为倒地队友止血并拖拽（拖拽时速度 -40%）。,stimulant,兴奋剂,被治疗者在 10 秒内体力不减、移速 +15%。,water_purify,净水,饮水补充量 +25%，可净化污染水源。,战场救护,110,以自身为中心 10m 内全队恢复 35% 生命并解除流血。
scout,侦察兵,Scout,soviet|us,1,1,3,3,4,"[{""id"":""pathfinder"",""name_zh"":""先行侦察"",""effect"":""解锁关卡的隐藏路线与敌方布防图，全队在小地图上看到敌机枪位。""},{""id"":""silent_move"",""name_zh"":""静默移动"",""effect"":""移动噪音 -60%，奔跑不产生敌方警觉（除非进入 25m 视野）。""},{""id"":""light_foot"",""name_zh"":""轻装"",""effect"":""负重上限惩罚降低一档，翻越/攀爬速度 +40%。""}]","{""name_zh"":""侦察标记"",""cooldown_s"":70,""effect"":""标记 60m 内所有敌单位与载具 10 秒，并为炮击提供精确坐标（散布 -40%）。""}",pathfinder,先行侦察,解锁关卡的隐藏路线与敌方布防图，全队在小地图上看到敌机枪位。,silent_move,静默移动,移动噪音 -60%，奔跑不产生敌方警觉（除非进入 25m 视野）。,light_foot,轻装,负重上限惩罚降低一档，翻越/攀爬速度 +40%。,侦察标记,70,标记 60m 内所有敌单位与载具 10 秒，并为炮击提供精确坐标（散布 -40%）。
mortarman,迫击炮手,Mortarman,soviet|us,1,1,1,3,8,"[{""id"":""quick_emplace"",""name_zh"":""快速架设"",""effect"":""迫击炮架设时间 -40%，可在弹坑与沙袋后架设。""},{""id"":""walking_barrage"",""name_zh"":""逐次弹幕"",""effect"":""连续发射时散布带自动向瞄准方向推进，压制范围更大。""},{""id"":""ammo_spotter"",""name_zh"":""弹药观察"",""effect"":""每命中 5 发为全队补充一次迫击炮弹药。""}]","{""name_zh"":""烟幕弹"",""cooldown_s"":80,""effect"":""发射 3 发烟幕弹，形成 20m 遮蔽带 20 秒，阻断敌方视线与机枪压制。""}",quick_emplace,快速架设,迫击炮架设时间 -40%，可在弹坑与沙袋后架设。,walking_barrage,逐次弹幕,连续发射时散布带自动向瞄准方向推进，压制范围更大。,ammo_spotter,弹药观察,每命中 5 发为全队补充一次迫击炮弹药。,烟幕弹,80,发射 3 发烟幕弹，形成 20m 遮蔽带 20 秒，阻断敌方视线与机枪压制。
