Name,id,category,name_zh,name_en,faction,weight_kg,count_per_slot,capacity,realism,note,effect,effect_damage,effect_radius_m,effect_fuse_s,effect_fragments,effect_smoke_duration_s,effect_fire_duration_s,effect_penetration_mm,effect_structure_damage,effect_calories,effect_morale,effect_eat_time_s,effect_debuff,effect_daily_limit,effect_hydration,effect_drink_time_s,effect_requires_settle,effect_heal,effect_stop_bleed,effect_use_time_s,effect_prevent_infection,effect_revive,effect_pain_ignore_s,effect_warning,effect_melee_damage,effect_dig_time_s,effect_cover_bonus,effect_mines_clear,effect_cut_wire_s,effect_defuse_mine_s,effect_mark_range_m,effect_spot_time_s,effect_artillery_accuracy_bonus,effect_head_protection,effect_ricochet_chance,effect_torso_protection,effect_mobility_penalty,effect_stamina_penalty,effect_ammo_capacity_mult,effect_reload_speed,effect_ammo_rifle,effect_settle_required,effect_sharable
rgd33,grenade,RGD-33 手榴弹,RGD-33,soviet,0.5,2,,需先拉动引信再投掷，3.5 秒引信；室内反弹风险高。,苏军标准杀伤手榴弹。,"{""damage"":95,""radius_m"":6,""fuse_s"":3.5,""fragments"":12}",95,6,3.5,12,,,,,,,,,,,,,,,,,,,,,,,,,,,,,,,,,,,,,,
f1_grenade,grenade,F-1 防御手榴弹,F-1 Grenade,soviet,0.6,2,,破片范围大，投掷者需掩蔽，属于防御型。,「柠檬」手榴弹，城市防守好用。,"{""damage"":110,""radius_m"":9,""fuse_s"":4,""fragments"":22}",110,9,4,22,,,,,,,,,,,,,,,,,,,,,,,,,,,,,,,,,,,,,,
rg42_smoke,grenade,RDG-42 发烟手榴弹,RDG-42 Smoke,soviet,0.55,2,,遮蔽机枪视线，掩护横越开阔地。,攻坚与撤退必备。,"{""damage"":0,""radius_m"":12,""fuse_s"":2,""smoke_duration_s"":22}",0,12,2,,22,,,,,,,,,,,,,,,,,,,,,,,,,,,,,,,,,,,,,
molotov,grenade,燃烧瓶,Molotov Cocktail,soviet,0.9,2,,对发动机舱与观察窗有效，火焰持续阻挡通道。,民兵与反坦克小组常用。,"{""damage"":70,""radius_m"":4,""fuse_s"":0,""fire_duration_s"":15,""penetration_mm"":25}",70,4,0,,,15,25,,,,,,,,,,,,,,,,,,,,,,,,,,,,,,,,,,,
mk2_grenade,grenade,Mk 2 手榴弹,Mk 2 Grenade,us,0.6,2,,4.5 秒引信较长，可能被敌人回掷。,美军标准手榴弹（菠萝）。,"{""damage"":100,""radius_m"":8,""fuse_s"":4.5,""fragments"":18}",100,8,4.5,18,,,,,,,,,,,,,,,,,,,,,,,,,,,,,,,,,,,,,,
anm8_smoke,grenade,AN-M8 发烟手榴弹,AN-M8 Smoke,us,0.7,2,,白磷/六氯乙烷烟幕，可掩护班组跃进。,美军班组战术核心道具。,"{""damage"":0,""radius_m"":14,""fuse_s"":2,""smoke_duration_s"":25}",0,14,2,,25,,,,,,,,,,,,,,,,,,,,,,,,,,,,,,,,,,,,,
satchel_charge,grenade,炸药包,Satchel Charge,both,3.2,1,,可爆破碉堡、桥梁与路障；需贴近放置并撤离。,关卡目标道具，占用较大负重。,"{""damage"":100,""radius_m"":8,""fuse_s"":6,""structure_damage"":300}",100,8,6,,,,,300,,,,,,,,,,,,,,,,,,,,,,,,,,,,,,,,,,
rpg43_at,grenade,RPG-43 反坦克手榴弹,RPG-43,soviet,1.07,1,,需命中装甲法线附近；投掷距离仅 15-20m，风险极高。,反坦克专长的近距离最后手段。,"{""damage"":90,""radius_m"":3,""fuse_s"":3,""penetration_mm"":75}",90,3,3,,,,75,,,,,,,,,,,,,,,,,,,,,,,,,,,,,,,,,,,
black_bread,food,黑面包（每日配给）,Black Bread Ration,soviet,0.7,3,,野战面包，需停下进食，进食期间视野边缘下降。,补给点可补充。,"{""calories"":35,""morale"":5,""eat_time_s"":6}",,,,,,,,,35,5,6,,,,,,,,,,,,,,,,,,,,,,,,,,,,,,,
canned_meat,food,肉罐头,Canned Meat,soviet,0.5,3,,租借法案物资（SPAM）常见，是士气补给。,高热量低重量，性价比最高的食物。,"{""calories"":45,""morale"":10,""eat_time_s"":5}",,,,,,,,,45,10,5,,,,,,,,,,,,,,,,,,,,,,,,,,,,,,,
vodka_ration,food,伏特加配给（100g）,Vodka Ration,soviet,0.3,2,,红军前线配给，短时间提振士气但降低射击精度。,高风险士气道具，每关限用 1 次。,"{""calories"":0,""morale"":40,""eat_time_s"":4,""debuff"":""瞄准抖动 +25%，持续 40 秒；生命恢复 5%"",""daily_limit"":1}",,,,,,,,,0,40,4,瞄准抖动 +25%，持续 40 秒；生命恢复 5%,1,,,,,,,,,,,,,,,,,,,,,,,,,,,,,
k_ration,food,K 口粮,K Ration,us,0.9,2,,含肉罐头、饼干、糖块与香烟，完整一餐。,美军标准单兵口粮。,"{""calories"":55,""morale"":15,""eat_time_s"":7}",,,,,,,,,55,15,7,,,,,,,,,,,,,,,,,,,,,,,,,,,,,,,
d_bar,food,D 口粮巧克力棒,D Ration Chocolate Bar,us,0.1,3,,可在移动中快速进食，口感差但热量高。,唯一支持移动进食的食物。,"{""calories"":30,""morale"":8,""eat_time_s"":2}",,,,,,,,,30,8,2,,,,,,,,,,,,,,,,,,,,,,,,,,,,,,,
canteen_1l,water,1L 军用水壶,1L Canteen,both,1,1,100,满水 1kg，喝完减重 1kg（负重实时变化）。,默认携带 1 个；可再加 1 个备用。,"{""hydration"":100,""drink_time_s"":3.5}",,,,,,,,,,,,,,100,3.5,,,,,,,,,,,,,,,,,,,,,,,,,,,
flask_extra,water,备用扁水壶（0.5L）,Extra Flask 0.5L,both,0.55,1,55,容量小但可分摊重量，在长距离行军关卡有用。,轻装潜行配置常见。,"{""hydration"":55,""drink_time_s"":2.5}",,,,,,,,,,,,,,55,2.5,,,,,,,,,,,,,,,,,,,,,,,,,,,
water_can_5l,water,班组水桶（5L）,Squad Water Can,both,5.6,1,500,必须放下才能取水，为全队补给，极重。,医护兵/机枪组的团队支援装备。,"{""hydration"":500,""drink_time_s"":8,""requires_settle"":true}",,,,,,,,,,,,,,500,8,true,,,,,,,,,,,,,,,,,,,,,,,,,,
bandage,medical,绷带包,Bandage,both,0.2,3,,止血是主要功能，回复生命有限。,每人至少带 1 个。,"{""heal"":20,""stop_bleed"":true,""use_time_s"":7}",,,,,,,,,,,,,,,,,20,true,7,,,,,,,,,,,,,,,,,,,,,,,
sulfa_powder,medical,磺胺粉,Sulfa Powder,us,0.15,2,,防止伤口感染导致的持续掉血。,美军急救包内配发。,"{""heal"":15,""prevent_infection"":true,""use_time_s"":5}",,,,,,,,,,,,,,,,,15,,5,true,,,,,,,,,,,,,,,,,,,,,,
medkit,medical,战地急救包,Medkit,both,1.6,1,,可用于救治倒地队友（需 10 秒无干扰）。,医护兵核心装备。,"{""heal"":60,""stop_bleed"":true,""use_time_s"":10,""revive"":true}",,,,,,,,,,,,,,,,,60,true,10,,true,,,,,,,,,,,,,,,,,,,,,
morphine,medical,吗啡针剂,Morphine Syrette,both,0.05,2,,短暂无视伤痛惩罚，但会成瘾（关卡内累计 3 次触发减益）。,极限生存向道具。,"{""heal"":10,""pain_ignore_s"":30,""warning"":""过量使用导致移动速度永久下降""}",,,,,,,,,,,,,,,,,10,,,,,30,过量使用导致移动速度永久下降,,,,,,,,,,,,,,,,,,,
entrenching_tool,tool,工兵铲,Entrenching Tool,both,0.9,1,,苏军把它当作近战武器使用；可挖浅坑获得掩蔽。,工具/近战双用途。,"{""melee_damage"":60,""dig_time_s"":12,""cover_bonus"":0.5,""mines_clear"":true}",,,,,,,,,,,,,,,,,,,,,,,,60,12,0.5,true,,,,,,,,,,,,,,,
wire_cutters,tool,剪线钳,Wire Cutters,both,0.7,1,,破障必需；无此工具穿越铁丝网需绕行或承受伤害。,工兵/侦察兵配置。,"{""cut_wire_s"":4,""defuse_mine_s"":6}",,,,,,,,,,,,,,,,,,,,,,,,,,,,4,6,,,,,,,,,,,,,
binoculars,tool,望远镜,Binoculars,both,0.4,1,,观察员可为炮击提供更精确坐标（散布 -35%）。,呼叫炮击前使用可显著提升命中率。,"{""mark_range_m"":400,""spot_time_s"":2,""artillery_accuracy_bonus"":0.35}",,,,,,,,,,,,,,,,,,,,,,,,,,,,,,400,2,0.35,,,,,,,,,,
ssh40_helmet,armor,SSh-40 钢盔,SSh-40 Helmet,soviet,1.2,1,,降低头部中弹致死率，但增加轻微负重。,默认装备，可卸下减重（风险自担）。,"{""head_protection"":0.35,""ricochet_chance"":0.15}",,,,,,,,,,,,,,,,,,,,,,,,,,,,,,,,,0.35,0.15,,,,,,,,
sn42_breastplate,armor,SN-42 钢制胸甲,SN-42 Steel Breastplate,soviet,3.5,1,,突击工兵（SHISBr）使用，能挡冲锋枪弹但显著增重。,攻坚关卡推荐，长途行军不推荐。,"{""torso_protection"":0.55,""mobility_penalty"":0.93,""stamina_penalty"":1.2}",,,,,,,,,,,,,,,,,,,,,,,,,,,,,,,,,,,0.55,0.93,1.2,,,,,
m1_helmet,armor,M1 钢盔,M1 Helmet,us,1.3,1,,覆盖更广，护耳效果优于苏制钢盔。,美军默认装备。,"{""head_protection"":0.4,""ricochet_chance"":0.12}",,,,,,,,,,,,,,,,,,,,,,,,,,,,,,,,,0.4,0.12,,,,,,,,
ammo_pouch,ammo,弹药携行具,Ammo Pouch,both,0.8,1,,提升弹药基数，但换来 0.8kg 固定重量。,长时间交火关卡必备。,"{""ammo_capacity_mult"":1.4,""reload_speed"":1.1}",,,,,,,,,,,,,,,,,,,,,,,,,,,,,,,,,,,,,,1.4,1.1,,,
rifle_ammo_box,ammo,步枪弹药箱,Rifle Ammo Box,both,3,1,,班组共享弹药，需要放下才能分发。,机枪组与补给点相关。,"{""ammo_rifle"":120,""settle_required"":true,""sharable"":true}",,,,,,,,,,,,,,,,,,,,,,,,,,,,,,,,,,,,,,,,120,true,true
