Name,id,name_zh,name_en,faction,type,cp_cost,cooldown_s,delay_s,radius_m,rounds,damage_per_round,shell,spread_base_m,units,hp_each,weapon,penetration_mm,requires,best_against,realism,note,duration_s,passes,damage_per_pass,armor_penetration_mm,armor_mm,arrives_from,desant_slots,squad_size,weapon_mix,behaviour
sov_mortar_82,82mm 迫击炮排急促射,82mm Mortar Fire Mission,soviet,indirect,1,45,12,18,8,70,HE 82mm,12,,,,,"[""radio""]","[""infantry"",""mg_nest""]",弹道弯曲可打掩体后方；对坚固工事效果有限。,最廉价、最常用的压制手段。,,,,,,,,,,
sov_howitzer_122,122mm 榴弹炮营火力急袭,122mm Howitzer Barrage,soviet,indirect,3,150,35,35,18,110,HE 122mm,20,,,,,"[""radio"",""observer_line_of_sight""]","[""infantry"",""fortification"",""at_gun""]",弹坑可改造为掩体；对装甲直击有概率瘫痪履带。,攻坚关卡的关键手段，散布需要望远镜校射。,,,,,,,,,,
sov_howitzer_152,152mm 重炮定点破坏,152mm Heavy Artillery Strike,soviet,indirect,5,240,50,28,9,180,HE 152mm,14,,,,,"[""radio"",""observer_line_of_sight""]","[""fortification"",""heavy_tank_side"",""building""]",可摧毁砖石建筑与碉堡顶盖；对混凝土加厚掩体仍需多次命中。,柏林巷战中用于逐楼清理。,,,,,,,,,,
sov_katyusha,BM-13「喀秋莎」齐射,BM-13 Katyusha Salvo,soviet,area_saturation,4,210,40,60,16,95,M-13 132mm rocket,45,,,,,"[""radio"",""eyes_on_target""]","[""infantry_in_open"",""assembly_area"",""convoy""]",覆盖面积巨大但精度差，无法用于近战支援（最小安全距离 150m）。,对集结地毁灭性打击；压制效果（士气 -60%）强于杀伤。,,,,,,,,,,
sov_smoke_screen,发烟弹幕,Smoke Screen Barrage,soviet,obscurant,2,90,18,40,,,,,,,,,"[""radio""]",[],阻断敌方机枪与观察哨视线，掩护渡河/横越开阔地。,渡河与突破关卡的战术核心。,60,,,,,,,,,
sov_il2_strafe,IL-2 强击机扫射,IL-2 Sturmovik Strafe,soviet,air,3,180,45,25,,,,,,,,,"[""radio"",""marked_target""]","[""vehicle_column"",""infantry_in_open"",""soft_skin""]",需要目标标记；防空火力（Flak 36/FlaKvierling）可将其击落，届时不会投弹。,仅白天与无低云条件可用。,,2,130,45,,,,,,
sov_tank_t34_76,T-34/76 坦克排支援,T-34/76 Tank Platoon,soviet,armor,4,200,60,,,,,,3,340,76mm F-34,78,"[""radio""]","[""infantry"",""light_tank"",""fortification""]",坦克走道路/开阔地形，无法穿越废墟与密林；油料与弹药有限（8 分钟后撤离）。,可搭载 6 名步兵（坦克搭载步兵）随车冲击。,,,,,45,rear_road,6,,,
sov_tank_isu152,ISU-152 自行火炮支援,ISU-152 Self-Propelled Gun,soviet,armor_siege,6,300,75,,,,,,1,520,152mm ML-20S,110,"[""radio""]","[""fortification"",""heavy_tank"",""building""]",装填极慢（20 秒/发），射界有限，需步兵保护免受铁拳袭击。,攻坚利器，柏林战役「动物园杀手」。,,,,,90,rear_road,,,,
sov_guards_rifle_reinforcement,近卫步兵班增援,Guards Rifle Squad Reinforcement,soviet,infantry,2,160,55,,,,,,1,,,,,,增援来自营预备队，若关卡进入最后 2 分钟则不再可用。,战线吃紧时的救命稻草。,,,,,,,,8,6xPPSh-41 + 1xDP-27 + 1x狙击,从后方进入并占据最近掩体；不执行玩家微操，只按「推进/固守」指令行动。
us_105_howitzer,105mm 榴弹炮火力支援,105mm Howitzer Fire Mission,us,indirect,3,140,30,32,14,100,HE 105mm,16,,,,,"[""radio"",""forward_observer""]","[""infantry"",""pak40"",""fortification""]",美军特色为火力请求响应快（延迟 30s），且有 FDC 校射。,西线美军的标准火力支援。,,,,,,,,,,
us_155_heavy,155mm 重炮营压制,155mm Heavy Artillery,us,indirect,5,240,45,45,12,150,HE 155mm,18,,,,,"[""radio"",""forward_observer""]","[""fortification"",""built_up_area""]",可摧毁树线掩体后的目标；城市中会引发建筑坍塌（改变关卡地形）。,卡朗唐与亚琛攻坚使用。,,,,,,,,,,
us_p47_strike,P-47 雷电战斗轰炸,P-47 Thunderbolt Strike,us,air,4,190,50,30,,,,,,,,,"[""radio"",""marked_target"",""clear_weather""]","[""armor"",""convoy"",""strongpoint""]",火箭弹+炸弹，对装甲比 IL-2 更强；同样受高炮威胁。,西线美军的标志性空中支援。,,2,150,70,,,,,,
us_sherman_platoon,M4A3 谢尔曼坦克排支援,M4A3 Sherman Platoon,us,armor,4,200,65,,,,,,3,360,75mm M3,75,"[""radio""]","[""infantry"",""light_tank"",""fortification""]",正面无法对抗虎式/豹式，需烟幕掩护侧翼机动。,数量优势与快速火力支援。,,,,,51,rear_road,5,,,
us_bazooka_team_attach,巴祖卡小组配属,Bazooka Team Attachment,us,infantry,2,170,45,,,,,,1,,,,,,小组易被步兵压制，需要玩家掩护其侧翼。,面对虎式集群的必要补充。,,,,,,,,2,2xM1A1 巴祖卡 + M1 卡宾枪,跟随玩家 40m 内机动，优先射击 150m 内载具。
engineer_assault_group,突击工兵组（破障）,Engineer Assault Group,both,infantry,3,220,60,,,,,,1,,,,,,SHISBr（苏）与战斗工兵（美）的真实编制用途。,要塞攻坚关卡的战术选项。,,,,,,,,6,喷火器 + 炸药包 + PPSh/M3,自动爆破标记的碉堡、铁丝网与雷区；不承担进攻任务。
